{
  "$comment": "Automatically generated by scripts/boost/generate-ports.ps1",
  "name": "boost-bimap",
  "version": "1.89.0",
  "description": "Boost bimap module",
  "homepage": "https://www.boost.org/libs/bimap",
  "license": "BSL-1.0",
  "dependencies": [
    {
      "name": "boost-cmake",
      "version>=": "1.89.0"
    },
    {
      "name": "boost-concept-check",
      "version>=": "1.89.0"
    },
    {
      "name": "boost-config",
      "version>=": "1.89.0"
    },
    {
      "name": "boost-container-hash",
      "version>=": "1.89.0"
    },
    {
      "name": "boost-core",
      "version>=": "1.89.0"
    },
    {
      "name": "boost-headers",
      "version>=": "1.89.0"
    },
    {
      "name": "boost-iterator",
      "version>=": "1.89.0"
    },
    {
      "name": "boost-lambda",
      "version>=": "1.89.0"
    },
    {
      "name": "boost-mpl",
      "version>=": "1.89.0"
    },
    {
      "name": "boost-multi-index",
      "version>=": "1.89.0"
    },
    {
      "name": "boost-preprocessor",
      "version>=": "1.89.0"
    },
    {
      "name": "boost-static-assert",
      "version>=": "1.89.0"
    },
    {
      "name": "boost-throw-exception",
      "version>=": "1.89.0"
    },
    {
      "name": "boost-type-traits",
      "version>=": "1.89.0"
    },
    {
      "name": "boost-utility",
      "version>=": "1.89.0"
    }
  ]
}
