{
  "$comment": "Automatically generated by scripts/boost/generate-ports.ps1",
  "name": "boost-type-erasure",
  "version": "1.89.0",
  "description": "Boost type_erasure module",
  "homepage": "https://www.boost.org/libs/type_erasure",
  "license": "BSL-1.0",
  "dependencies": [
    {
      "name": "boost-assert",
      "version>=": "1.89.0"
    },
    {
      "name": "boost-cmake",
      "version>=": "1.89.0"
    },
    {
      "name": "boost-config",
      "version>=": "1.89.0"
    },
    {
      "name": "boost-core",
      "version>=": "1.89.0"
    },
    {
      "name": "boost-fusion",
      "version>=": "1.89.0"
    },
    {
      "name": "boost-headers",
      "version>=": "1.89.0"
    },
    {
      "name": "boost-iterator",
      "version>=": "1.89.0"
    },
    {
      "name": "boost-mp11",
      "version>=": "1.89.0"
    },
    {
      "name": "boost-mpl",
      "version>=": "1.89.0"
    },
    {
      "name": "boost-preprocessor",
      "version>=": "1.89.0"
    },
    {
      "name": "boost-smart-ptr",
      "version>=": "1.89.0"
    },
    {
      "name": "boost-thread",
      "version>=": "1.89.0"
    },
    {
      "name": "boost-throw-exception",
      "version>=": "1.89.0"
    },
    {
      "name": "boost-type-traits",
      "version>=": "1.89.0"
    },
    {
      "name": "boost-typeof",
      "version>=": "1.89.0"
    },
    {
      "name": "boost-vmd",
      "version>=": "1.89.0"
    }
  ]
}
