{
  "$comment": "Automatically generated by scripts/boost/generate-ports.ps1",
  "name": "boost-function-types",
  "version": "1.89.0",
  "description": "Boost function_types module",
  "homepage": "https://www.boost.org/libs/function_types",
  "license": "BSL-1.0",
  "dependencies": [
    {
      "name": "boost-cmake",
      "version>=": "1.89.0"
    },
    {
      "name": "boost-config",
      "version>=": "1.89.0"
    },
    {
      "name": "boost-core",
      "version>=": "1.89.0"
    },
    {
      "name": "boost-detail",
      "version>=": "1.89.0"
    },
    {
      "name": "boost-headers",
      "version>=": "1.89.0"
    },
    {
      "name": "boost-mpl",
      "version>=": "1.89.0"
    },
    {
      "name": "boost-preprocessor",
      "version>=": "1.89.0"
    },
    {
      "name": "boost-type-traits",
      "version>=": "1.89.0"
    }
  ]
}
